primary_topics,secondary_topics,source_id
"['Fees', 'Mining', 'Smart Contracts', 'Research', 'Bitcoin Core', 'Pools', 'Consensus', 'Security', 'Lightning']",[],mailing-list-2024-02-m90a7538f81cbb1f5edf2aea4fa02a96f1da7b51b
"['Consensus', 'Fees', 'Security', 'Replace-by-Fee']",[],mailing-list-2024-02-m5207be0d90cb74c61697d9648890d0e1703dd1b1
"['Security', 'Bitcoin Core', 'Consensus', 'Fees', 'Mining', 'Replace-by-Fee']",[],mailing-list-2024-02-m53f074f4980073e984260359f9d8945318c37b38
['Replace-by-Fee'],"['Denial-of-Service Attacks', 'Risk Evaluation', 'Fee Rate Management', 'Efficiency', 'Network Security', 'Historical Data', 'Transaction Fees']",mailing-list-2024-02-mf6f6a3b95dd4d12a4ef1d11a03e7e214b6c770c4
"['Security', 'Bitcoin Core', 'Consensus', 'Mempool', 'Fees', 'Update Layer', 'Replace-by-Fee']",[],mailing-list-2024-02-mf4b73820b33fbfa7120d788fd844cf74bd25deb5
"['Security', 'Consensus', 'Layer 2', 'Fees', 'UTXO', 'Mining']",[],mailing-list-2024-02-mbfcc06d7907250339f272c349bedea179108fe65
"['Decentralization', 'Transactions', 'Zero-Knowledge', 'Scalability']","['User Control', 'Off-Chain', 'Protocol Development', 'Public Key Infrastructure']",mailing-list-2024-02-m919eba21d9233622957b5e757c1e5b4167ec8e38
['BIP'],"['Editors', 'Proposal Evaluation', 'Community', 'Efficiency', 'Management', 'Numbering Scheme', 'Repository', 'Merge Pull Requests', 'Kanzure', 'Bitcoin Improvement Proposals', 'Bitcoin Development', 'RubenSomsen']",mailing-list-2024-02-m10b97e9401be8149c43dd4bcfcb2b8719737f0d3
[],"['Developers', 'Inclusivity', 'Technical Expertise', 'Bitcoin Improvement Proposals', 'Workflow Optimization', 'Community Coordination']",mailing-list-2024-02-m263444d33cc19d876e46bdc0f8f63bf047f0a96c
[],"['Review Mechanisms', 'Developers', 'Community', 'Technical Soundness', 'Editorial Team', 'BIPs', 'Non-developers', 'Bitcoin Improvement Proposals']",mailing-list-2024-02-m01be137b7de301ed7875c4d97c68464205dac935
"['Bitcoin Core', 'Consensus', 'Decentralization', 'BIP']",['Governance'],mailing-list-2024-02-mcb8fb5256ee9cc455f0ee00e8aa5b18f1ffdf80a
[],"['Editors', 'PRs', 'Protocol Updates', 'Administrative Roles', 'BIPs', 'Bitcoin Improvement Proposals']",mailing-list-2024-02-mf21debb5be815a846099958fcf9562b533c2a08a
['BIP'],"['Editors', 'BIP Numbers', 'Luke', 'Permissions', 'Merge Pull Requests', 'Kanzure', 'Bitcoin Improvement Proposals', 'Bitcoin Development', 'RubenSomsen']",mailing-list-2024-02-m197aad4ed9f12d1427a11709656b7a9bc893b1aa
"['Development', 'BIP']","['Bitcoin', 'Community', 'Luke Dashjr', 'Bitcoin Improvement Proposal']",mailing-list-2024-02-mae5b2c4a4d1f207a8dbc432be493e14884a02c74
['development'],"['evolution of Bitcoin', 'governance mechanisms', 'Bitcoin protocol', 'Bitcoin Improvement Proposal', 'BIP editor']",mailing-list-2024-02-mfd23a74a160782a5db6a115dad04265f0d2deab6
[],"['Governance', 'Bitcoin Development Ecosystem', 'Bitcoin Improvement Proposals']",mailing-list-2024-02-m1b3830bf95f16eec2700b4f19888242dd6043388
[],"['BIP editorial team', 'GitHub', 'BIP editors', 'community members', 'BIPs', 'Bitcoin Improvement Proposals']",mailing-list-2024-02-m193253757529ab962b212bda465963cc991ba174
[],"['technical viability', 'Bitcoin infrastructure', 'collective expertise', 'formal criteria', 'BIPs', 'editorial process', 'Bitcoin Improvement Proposal', 'Bitcoin ecosystem', 'community involvement', 'technical evaluation']",mailing-list-2024-02-mb6755a1add2005860ad72f67c52447fcf0a1d5f1
['bitcoin-core'],"['digital communications', 'mailing-list', 'migration', 'community involvement', 'historical data', 'Google Groups']",mailing-list-2024-02-m2fbdf9c4760a7bb82e8a75d4d09d539a9b2e6d94
"['privacy', 'Tor', 'BIP']","['payment instructions', 'lightning network', 'user enumeration', 'BOLT12', 'GitHub repositories', 'address reuse', 'Bitcoin Improvement Proposal', 'URI scheme', 'DNS', 'Bitcoin addresses', 'TXT records', 'DNSSEC', 'RFC 9102']",mailing-list-2024-02-m860f67695bd0d2fbd3acede6ce3f6121339c219d
[],"['BIP editing process', 'proposal management', 'technical soundness evaluation', 'Bitcoin Development Mailing List', 'BIP editors', 'editorial responsibilities', 'proposal assessment criteria', 'Bitcoin Improvement Proposals', 'triaging', 'BIP repository structure']",combined_Adding-New-BIP-Editors
[],"['archive', 'mailing list', 'moderators', 'bitcoin-dev', 'collaborative effort', 'moderator contact information', 'community standards', 'communication medium', 'Google Groups']",combined_bitcoin-dev-Mailing-List-Migration-Action-Required-
"['Smart Contracts', 'Bitcoin Core', 'Research', 'Consensus', 'Segwit', 'Mempool', 'Fees', 'Lightning', 'Mining']",[],combined_Over-Half-of-Replace-by-Fee-Rate-Replacements-Are-Mined
"['Research', 'Bitcoin Core', 'Cryptography']",[],mailing-list-2024-03-m54e597649b4445bd691a718df846840a9a930a58
[],"['diverse participation', 'BIP editor', 'community consensus', 'Bitcoin Improvement Proposal']",mailing-list-2024-03-m76748a0bb88f59787f7c612f50be2612d9b4789b
[],"['Bitcoin development community', 'BIP Editor', 'Bitcoin Improvement Proposal', 'Technical decisions']",mailing-list-2024-03-m3ad7bb7f5f74f89f35c402333d8c28b95955971c
['BIP'],['Bitcoin Improvement Proposal'],mailing-list-2024-03-mef696d91468e562d3fd1f4d8667f4097b6fc8bf3
['BIP'],['Editors'],mailing-list-2024-03-md4cfffbe0725fbbcf1278d01d92c7d0d9bc5c826
"['Testing', 'Bitcoin Core', 'Research']",['Bitcoin Core Development'],mailing-list-2024-03-ma0da57a579771c3418f7a92a018430041f8ebeaf
"['Mining', 'Transactions', 'Mempool', 'Replace-By-Fee', 'Fees']","['Economic Theory', 'Bandwidth']",mailing-list-2024-03-m9f51fc0372f404045b20a86e23ec1ddc0d77e565
['BIP'],['Editors'],mailing-list-2024-03-md533df1a530349d6f4522e39eca33c447421c368
"['Fees', 'Lightning', 'UTXO', 'Bitcoin Core', 'Mempool']","['Unspent Transaction Outputs (UTXOs)', 'Replacement-By-Fee (RBF)']",mailing-list-2024-03-m50465916f1bb05fdcc319e68165c10b0e17239e2
"['Fees', 'Security', 'Research', 'Privacy', 'Consensus', 'Mining']",[],combined_OP-Expire-mempool-behavior
"['Security', 'Research', 'Forks', 'Mining', 'Proof-of-Work', 'Consensus']",['Quantum'],mailing-list-2024-03-m2494c3bc48db3e299c76ec7c7c0b5d56c80bd0df
"['Replace-by-Fee', 'Mining', 'Security', 'Mempool', 'Fees', 'Consensus']",[],mailing-list-2024-03-md907cb31d0a0069d9cf44c39281e8b986fcbd91f
"['Fees', 'Consensus', 'Mempool', 'Attacks', 'Mining']",[],mailing-list-2024-03-m559e9ff9e838c41918d869fa527ed1bc9d474113
"['Fees', 'Consensus', 'Mempool', 'Bitcoin Core', 'Mining']",[],mailing-list-2024-03-md358ddf1b5ae0a6b9b650c1e7d1d67c44b880b43
"['Fees', 'Consensus', 'UTXO', 'Privacy', 'Soft Fork', 'Mining']",[],mailing-list-2024-03-m330d94674619e20f9cf6a2f5113ffbec38e94e84
"['Bitcoin Core', 'Research', 'Transactions']",[],mailing-list-2024-03-m78e8be6cb786ea2880a307603a681ce6e50512fb
"['Fees', 'Replace-By-Fee', 'Soft Fork', 'Smart Contracts']","['Lightning Network', 'Libre Relay', 'Transaction Mining', 'Transaction Sponsorship', 'Mainnet', 'Timestamps', 'Ark', 'LN']",mailing-list-2024-03-me083d773c7afee74119575c973eb0860f698f538
"['Fees', 'Consensus', 'Lightning', 'UTXO', 'Privacy', 'Soft Fork', 'Mining', 'Smart Contracts']",['DoS Attacks'],combined_Anyone-can-boost-a-more-efficient-alternative-to-anchor-outputs
"['Fees', 'Consensus', 'Security', 'Mempool', 'Attacks', 'Mining', 'Transactions']",[],combined_A-Free-Relay-Attack-Exploiting-RBF-Rule-6
"['Proof-of-Work', 'ASIC']","['Quantum Computing', 'Energy Consumption']",mailing-list-2024-03-mae5e293d308aa7c148e54085cf2cdbdb82a1ce85
"['Replace-by-Fee', 'Mempool', 'Transactions', 'Mining', 'Fees']","['DoS Attacks', 'Network Integrity']",mailing-list-2024-03-mcf43c105c52470717a28fb3d6aff5e9943cfd868
"['Cryptography', 'Security', 'Consensus', 'Proof-of-Work', 'Research', 'Mining']",[],combined_51-Attack-via-Difficulty-Increase-with-a-Small-Quantum-Miner
"['Replace-by-fee', 'P2P', 'Mining', 'Mempool', 'Fees', 'Consensus', 'Assumeutxo', 'UTXO', 'Lightning', 'Bitcoin Core']",[],mailing-list-2024-03-mccbdbac42769d818cd22ace5bfc253d4e85e0437
"['P2P', 'Fees', 'Consensus', 'Security', 'Attacks']",[],mailing-list-2024-03-md2df151ea27ee0266ae59fdd92af0a41450af8c6
"['Validation', 'Security', 'Transactions', 'Consensus', 'Network', 'Block', 'BIP', 'Bitcoin Core']",[],mailing-list-2024-03-m9eb5b0869377b3c1e2f29b8f65eafbfd354fea2b
"['Trust', 'Lightning']","['Double-Spending', 'Transaction Sponsorship', 'Point Time-Locked Contracts', 'Payment Channels', 'Efficiency', 'Transaction Efficiency']",mailing-list-2024-03-mdd128fbc8aa4aa16429c04d264c2a2af3faf734f
"['Security', 'Consensus', 'Privacy']","['Ethical Standards', 'Vulnerability Disclosure', 'Open-Source Projects', 'Policy Changes']",mailing-list-2024-03-m56a98b5c3372b53daa502dd6d72447b6829a7a10
"['Timelocks', 'Consensus', 'UTXO']","['Mining competition', 'DoS attacks', 'Elliptic Curve Cryptography']",mailing-list-2024-03-mc1b17e1fb09cb59baa0e8ed528af2fc267c1e6ab
"['Consensus', 'Research', 'Fees', 'Mining', 'Bitcoin Core', 'Security']",[],mailing-list-2024-03-mc48e4bf6e005dd6a9dc9436b502b9cf9efc864c7
"['Replace-By-Fee', 'Attacks', 'Security']","['Vulnerabilities', 'Risk', 'RBFR', 'Cybersecurity', 'Disclosure']",mailing-list-2024-03-m78fe8bb513c5c98626dd8f415364272cb47a6e0c
"['Fees', 'Mempool', 'Mining', 'Lightning', 'UTXO', 'Replace-by-Fee']",[],mailing-list-2024-03-mefb774eee224d005012247724d62639260eb9450
"['Security', 'Consensus']",[],mailing-list-2024-03-m35d4e20181b6a4626c9e779514f2e3acc454e18c
"['Security', 'Attacks']",['Disclosure'],mailing-list-2024-03-m037d146569ce2db520df6ccb37a2ce02464954b9
"['Consensus', 'Fees', 'Mempool', 'Mining', 'Lightning', 'Proof-of-Work', 'UTXO']",[],mailing-list-2024-03-m536b006965beddadcb8e6e06cd73f8bed83304e6
"['Attacks', 'Bitcoin Core', 'Security']","['Cybersecurity', 'Disclosure']",mailing-list-2024-03-mbb3747fa124672861aeafb4684753246430aff81
"['Research', 'Security', 'Privacy', 'Consensus']",[],mailing-list-2024-03-mdd144965c0e5ba78d5e7fc18b7a79e7e797e5e8a
"['Attacks', 'Replace-by-fee']",[],mailing-list-2024-03-m502e1406488898dcc28640c4f25925a612b87c18
"['Consensus', 'Decentralization']","['Editors', 'BIPs']",mailing-list-2024-03-mc8a21ac3f0de0c751e6c4b28b16e3278510cc250
"['Consensus', 'BIP']","['Evaluation', 'Technical Merit', 'Implementation', 'Open Environment', 'Community', 'Repository']",mailing-list-2024-03-m721045569e02d1bcee95da6e1d4e02c0bd8b4b1f
"['BIP', 'Research']",[],mailing-list-2024-03-mf095711ccaf2b4ca6dfdec1d2251df124961c1ad
"['BIP', 'Terminology']","['Editorial Capabilities', 'Bitcoin Improvement Proposal', 'Documentation']",mailing-list-2024-03-m3a8e6b0cb091b36f57ddf82b02e78d99c9d625b1
"['Mempool', 'Security']",[],mailing-list-2024-03-m5ed99bd64953fd8c561efc4fb9a211d3606d0930
"['Consensus', 'Soft Fork', 'Fees', 'Mining', 'Bitcoin Core', 'Segwit', 'Transactions']",[],mailing-list-2024-03-ma4466dabd7375eaaa32d6aef32e956f1ee14280a
"['Consensus', 'Blockchain', 'Fees', 'Mining', 'Blocksize', 'Bitcoin Core', 'Development', 'Transactions']",[],mailing-list-2024-03-mf5fbd2b134c6668badc48ce266d2d0652d7a717f
"['Privacy', 'Segregated Witness', 'Lightning', 'Research', 'Attacks', 'Bitcoin Core', 'Soft Fork', 'Consensus', 'Fees', 'Mining', 'Security']",[],mailing-list-2024-03-m8d81002f92ab520541708b317f3a323bfb9599e3
"['Forks', 'Bitcoin Core', 'Consensus', 'Mempool', 'Security']",[],mailing-list-2024-03-me1c9e375e525a81259abfb5983e488c0667e8c05
"['Transaction-Verification', 'Forks', 'Miners', 'Validation', 'Consensus', 'Fee Management', 'Proof-of-Work', 'Fees', 'Mempool', 'Topology', 'P2P', 'Mining', 'UTXO', 'Replace-By-Fee']","['Bandwidth', 'Double Spend']",mailing-list-2024-03-mf604a7f0126a88268ba5f6bb07d290dcb05c8298
"['Lightning', 'Bitcoin Core', 'Fees', 'Security']",[],mailing-list-2024-03-m6a7baf87a2666c3a450272c4cb297669615eaaf5
"['Bitcoin Core', 'Consensus', 'Fees', 'Mempool', 'Routing', 'P2P', 'UTXO']",[],mailing-list-2024-03-m6787d7ccf0b3b75faea9db3807a00c2c90521c23
"['Assumeutxo', 'Consensus', 'Doublespend', 'Fees', 'Mempool', 'Utxo', 'P2P', 'Mining']",[],mailing-list-2024-03-m5ca967a34d232da7b138e1bfa9b4a61ab06d90a2
['BIP'],['Editors'],mailing-list-2024-03-m8c588cad29c1f17acb79a906314f5e88281ca2d4
['BIP'],"['node software', 'editor', 'bitcoin']",mailing-list-2024-03-m42206a4a9b052949825e5d662f9d450e37ba6947
['BIP'],['Editors'],mailing-list-2024-03-m08ac48032297a8d1b741f87ec5cde2508885e8f6
"['Bitcoin Core', 'Consensus', 'Research']",[],mailing-list-2024-03-ma667d336513922b54aa496ac7d9c6bf23ac854b3
['BIP'],['Editors'],mailing-list-2024-03-m2951bb58b8c692eb669931145e1b95231a4fb2c7
['BIP'],['Editors'],mailing-list-2024-03-m53735936a955d8ffb6514394fd820efd6d393c98
"['Bitcoin Core', 'UTXO', 'SPV', 'Security', 'Lightning']","['DoS', 'Bandwidth']",mailing-list-2024-03-m719c9a78a11bf5ae2cc84cc62645b6729c97ef43
['BIP'],"['Debugging Techniques', 'Programming Languages', 'Documentation', 'Software Libraries', 'Optimization Strategies', 'Frameworks', 'Events']",mailing-list-2024-03-m45445642d05f158546852f09237b5ec54117149f
"['Development', 'Security', 'Lightning']","['Alternative Clients', 'Collaboration', 'Innovation', 'Technical Expertise']",mailing-list-2024-03-m3a6de2a01e75a004bf9bf3cb2426a2dcb18b29ef
[],"['copy-editing', 'BIP editor', 'Bitcoin community', 'Bitcoin Improvement Proposal']",mailing-list-2024-03-ma7a4eb5bfe1fb3cac3872591a84e475c795b2ca9
"['BIP', 'Bitcoin Core', 'LND']","['Core maintainers', 'Lightning Labs']",mailing-list-2024-03-m60bb1ff126c2a7fc9b961b9907c2f21272e15ec1
['Bitcoin Core'],['Bitcoin Improvement Proposal'],mailing-list-2024-03-mb9c54aea6fe5dfbdf83f6b762effd90583e4c62c
"['C++', 'BIP', 'Bitcoin Core']","['Programming Languages', 'Linguistic Diversity', 'GitHub']",mailing-list-2024-03-m1032b535e7e8016431aea3d148c5643431321939
"['Bitcoin Core', 'Research', 'Consensus', 'BIP']",[],mailing-list-2024-03-mb0f3ef228906c14ba208dead1daaafc723438136
"['Bitcoin Core', 'Mempool', 'Security']",['Vulnerability Disclosure'],combined_Re-A-Free-Relay-Attack-Exploiting-RBF-Rule-6
"['Development', 'Consensus', 'Bitcoin Core', 'Research']",['Bitcoin Core Development'],mailing-list-2024-03-m05810f0ca7bfb24aed848b0cf750a625c70d4641
['BIP'],"['Organizational framework', 'Taproot activation parameters', 'Core maintainers', 'Editorial control', 'United Nations', 'Bitcoin Improvement Proposal', 'Decentralized ethos', 'Conflict resolution', 'GitHub repository', 'Administrative control', 'Pull requests']",mailing-list-2024-03-m730f8f536bfd8c447bd6f208106244b39b1c5f7e
"['Taproot', 'Consensus']",['Bitcoin Improvement Proposal (BIP)'],mailing-list-2024-03-m77691bfa622dd48a0cf73e6745a59c766ed9afe5
"['Soft Fork', 'Taproot']","['BIP editorship', 'Core maintainers', 'Bitcoin Improvement Proposals (BIPs)']",mailing-list-2024-03-mc6d593d0b3209f7d816f442dea40fe97fdc36e9e
['BIP'],"['Matt Corallo', 'Roasbeef', 'Bitcoin Improvement Proposal', 'Luke', 'Jonatack', 'Ruben', 'Kanzure', 'proposal numbers', 'Murch']",mailing-list-2024-03-mf303fac285f286dbd31448a70424044865b9d426
"['Forks', 'Consensus', 'Mining', 'Hard Fork', 'Testing']",['Bitcoin Improvement Proposal (BIP)'],mailing-list-2024-03-mc0042b7121a2d8687d25a719fe0ed03188b7a3d2
"['Difficulty', 'Testnet', 'Signet', 'Blockchain']","['Bug', 'Network Stability', 'Technological Development', 'Reorganization', 'Infrastructure', 'Feature']",mailing-list-2024-03-mde9822439f9f26ba98cad66b8293de39f9afff36
"['Difficulty', 'Consensus', 'Forks', 'Block', 'Mining', 'Network', 'Soft Fork', 'Blockchain']",[],mailing-list-2024-03-m9767e2acdd7c72f5e466edcdc3ca6e84a6ecf6be
"['Consensus', 'Mining', 'Research', 'Testnet', 'Halving']",[],mailing-list-2024-03-m14db8efee1a8cfcc4baf1690e7eb1ba60ae7c9ba
"['Testing', 'Bitcoin Core']",[],mailing-list-2024-03-m97192dcbac4935d5f724bf1558bf6dc5d5c4827a
"['Consensus', 'Mining', 'Network', 'Fees', 'Halving', 'Bitcoin Core', 'Testing']",['Software'],mailing-list-2024-03-m66cbb30bfba0e2f71f2654ea583ada15dc474989
"['Testing', 'Consensus']",[],mailing-list-2024-03-m1b7f25121a028c4299ab9d53be9739cf00d77794
"['Package Relay', 'Mining', 'Mempool', 'Fees', 'Transactions', 'Double-Spend', 'Replace-By-Fee']",[],mailing-list-2024-03-mf2b137388a10badd605067b53d3d7c16632646d0
"['Mining', 'Testnet', 'Development', 'Signet', 'Testing']","['Economic Manipulations', 'Bitcoin Improvement Proposal (BIP)', 'Technical Flaws', 'Scammy Airdrops', 'Block Reward']",combined_The-Future-of-Bitcoin-Testnet
['BIP'],"['Documentation', 'Automation', 'GitHub', 'Continuous Integration', 'Editors', 'CI']",mailing-list-2024-04-m120d3fdb31281ed2d904161b9c568b98030595b9
"['Research', 'Consensus', 'Bitcoin Core', 'BIP', 'Privacy', 'Segregated Witness']",[],mailing-list-2024-04-mf9bf772cebb07a6e5f46d272d8d77b6abd7ebc1b
['BIP'],['Editors'],mailing-list-2024-04-m538dabd48ab651db2dc8d2b817f33ec35744b421
"['Research', 'Consensus', 'bitcoin-core-development', 'BIP']",['Community Consensus'],mailing-list-2024-04-mbae4732e3a3f6f0cf502599cb51634e179eb66fb
"['Consensus', 'BIP']","['Standards', 'Community', 'Review', 'Feedback']",mailing-list-2024-04-mc6ee08bcf46a01733df1ee986054c2e6fefd3c3a
['BIP'],"['terminology standardization', 'Bitcoin documentation', 'Mark ""Murch"" Erhardt', 'community support', 'Mastering Bitcoin book', 'pull requests', 'Bitcoin development community', 'Optech newsletters', 'GitHub repository', 'BIP editor', 'Bitcoin Improvement Proposals']",mailing-list-2024-04-mb06156b80596d1351f42d12358cfc76885db6d77
"['Bitcoin Core', 'BIP']","['Transparency', 'Openness', 'Linux Foundation', 'Censorship', 'Technical Standards']",mailing-list-2024-04-m7e0fd600bbebb3a618c735f1958eca5214e90278
"['Testnet', 'Validation', 'Consensus']","['Supply Schedule', 'Developers']",mailing-list-2024-04-ma7a47063a7970759a9e559737609cf6c382c9e60
"['Testnet', 'Consensus', 'Bitcoin Core', 'Halving', 'Development', 'Mining']",[],mailing-list-2024-04-m478610da66cc170012fe8ced3fec9bd86769d127
"['Testnet', 'Halving', 'Soft Fork']","['Pull Request', 'Faucet', 'Bitcoin Development Community', 'GitHub', 'Difficulty Adjustment', 'Community-Supported Solutions', 'Subsidy Rate', 'Signet Coins', 'Open-Source Funding']",mailing-list-2024-04-mdd67a224ebf52d6ff304041d227efae9114e62d4
"['Testnet', 'Signet', 'Difficulty', 'Mining']","['Block Rate', 'Network Rules', 'Blockchain Governance', 'Rewards']",mailing-list-2024-04-m476c60c999d4e8ae0f5ea36c13a32fad72a283a5
"['Testing', 'Blocksize', 'Research', 'Consensus', 'Validation', 'Timestamping', 'Forks', 'Difficulty', 'Mining']",[],mailing-list-2024-04-md2357cf5d675fdf079079f3ac0610dffa74c17f7
"['Testing', 'Scalability', 'P2P', 'Bitcoin Core', 'Forks']",[],mailing-list-2024-04-m925f5446c5c6da3bb13e01c62ea3e6a9513d4a11
"['Testing', 'Testnet', 'Consensus', 'Mining']","['Faucets', 'Economic Theory']",mailing-list-2024-04-m0a775e635d0fc1aeebc00619c62296ff0020bf3e
"['Testing', 'Research', 'Segwit', 'Fees', 'Consensus', 'Bitcoin Core', 'Mining', 'Blockchain']",[],mailing-list-2024-04-m58c28232b5e89bf4992d4d64a66dcbd2ec85d71f
[],"['Security concerns', 'Censorship', 'BIPs', 'Proposal numbers', 'BIP editors', 'Democratic process', 'Maintainer privileges', 'GitHub repositories', 'Appointment procedures', 'Emergency actions', 'Community-driven approach', 'Community discussion', 'Bitcoin Improvement Proposals']",mailing-list-2024-04-ma5a4a5abe9f0978c7307fafd74b8f7395b1645bc
"['Taproot', 'Silent Payments', 'Terminology', 'BIP']",[],mailing-list-2024-04-mbfa239b456b8e3f0a683448735d3eddb4b238faf
['BIP'],"['Community Consensus', 'Soft Forks', 'Editorial Aspects', 'API/RPC Layers', 'Licensing', 'Spam Filtering', 'Peer Services', 'Formal Aspects', 'Comments-URI']",mailing-list-2024-04-m2f8f291d2f02f004d293cd4f252e8c9738fea816
['BIP'],"['Bitcoin Improvement Proposals', 'Governance']",mailing-list-2024-04-m0b79096bb19d1b292b91cfcd537f23b7160fa6d7
"['Research', 'Consensus']","['Bitcoin Improvement Proposals', 'BIPs']",mailing-list-2024-04-maacc2bc76d9141fae58602e54ce8e3be6dc3e803
[],"['BIPs', 'Editor', 'Formal Procedures', 'Bitcoin Improvement Proposals', 'Governance']",mailing-list-2024-04-meef7688ab17df440a850564c73d86706ff968d03
['BIP'],"['Optech', 'Bitcoin Improvement Proposal', 'Stack Exchange', 'Technical Documentation', 'Editorial Team']",mailing-list-2024-04-m156610efaa9ec396414db298edda380d0dcd4719
['BIP'],['Editors'],mailing-list-2024-04-m172cab9ab225f6ccad18fef1b223917bb3e1d958
"['Fairness', 'Consensus', 'Fees', 'Testing', 'Testnet', 'Incentives', 'History', 'Decentralization', 'Development']",[],mailing-list-2024-04-m6f30d339405e6179c215a586bfe8fdaf1d32054a
"['Testnet', 'Mining']","['Bitcoin Client', 'Transition']",mailing-list-2024-04-m4bb9a26ee827585ca2b178665890a453278b5cf9
"['Privacy', 'Testing', 'Development', 'Consensus']",[],mailing-list-2024-04-mad31a6afbd5021679922a38b4a1a21296f3f2b8f
['BIP'],"['Core Dev meeting', 'editor', 'repository']",mailing-list-2024-04-mb8ff3a8424ca14166599008d4c4fd8f78220ea1b
"['Bitcoin Core', 'Research', 'Consensus']",['Bitcoin Core Development'],mailing-list-2024-04-m2153f053555c8e342a140333b7209527982b8456
"['Bitcoin Core', 'Research', 'Consensus']",[],mailing-list-2024-04-mb111d8e843e53f3195fae3f59f6fe3416e96dda5
"['Research', 'Bitcoin Core', 'Consensus']","['Bitcoin Core Development', 'Bitcoin Optech', 'Contributors']",mailing-list-2024-04-m56697a683579cb3f48c84153824e2483041087be
[],"['Bitcoin philosophy', 'Software implementation', 'Community consensus', 'Status fields', 'BIPs', 'Proposal evaluation', 'Standards', 'Technical assessment', 'Standardization', 'Guidelines']",mailing-list-2024-04-mc0a4c028133606c701870fb06e7d46aab087999f
"['Testnet', 'Development', 'Testing', 'Blockchain']",[],mailing-list-2024-04-m4b818850364613db0f393be3ce10845a85a864b1
"['Mining', 'Development', 'ASIC', 'Testnet']","['Scarcity', 'HODLing']",mailing-list-2024-04-m21c9d7f550e1085a73b123c3bb2ea794d0142a37
"['Testnet', 'Mining', 'Research']",[],mailing-list-2024-04-m501729f7c856f2a5249b2f64976a0f220506ffa9
"['Fees', 'Mining', 'P2P', 'Development', 'Security', 'Testing', 'Bitcoin Core', 'Wallet']",[],mailing-list-2024-04-m96d45ffc6c733d04d3133edcddccb1c25fcbdffe
[],[],mailing-list-2024-04-m4256b38d646396a10f76096d4f6fc0dd69ad0f56
[],[],mailing-list-2024-04-m5e1b83177770466fb530aea121a032bc49f3952b
[],[],mailing-list-2024-04-md6e85ab078c8d38bb16f75b5d7e3fff793e5c7e7
[],[],mailing-list-2024-04-m0ff1cb0e5c65c1aad212688853381f01d9494fd8
[],[],mailing-list-2024-04-m8c9564d5f39d72fd2787cb51a2a884418ddfb30b
"['BIP', 'Bitcoin Core']","['Core Development', 'Optech', 'Bitcoin Improvement Proposal', 'PR Review Club']",mailing-list-2024-04-m6ed280a2ba2b121303695f4602f27bafa3a5cbec
"['Testnet', 'Consensus', 'Testing']",[],mailing-list-2024-04-m3f2e471f3e1307ca3a3abb6c1982792fe9aaaad5
"['UTXO', 'Blockchain', 'Testnet']","['Transaction ID', 'Utreexo', 'BIP30', 'BIP34', 'Coinbase Transaction']",mailing-list-2024-04-m848ba8eaa8b86f5971b930088ee48edadaf06159
"['JSON-RPC', 'Security', 'Bitcoin Core']","['IDs', 'RPC server']",mailing-list-2024-04-mc9b094b789241c28703fd7833c1d6589a9d6e24e
"['JSON-RPC', 'Security', 'Cryptography', 'Bitcoin Core']","['Cryptographically Secure Pseudorandom Number Generators', 'Web Service Security', 'Application Security']",mailing-list-2024-04-m0cee1bb15ee47241e96418a979420a482bee314a
[],"['English', 'Maintainers', 'Efficiency', 'Collaborative Review', 'Quality BIPs', 'BIPs', 'Translations']",mailing-list-2024-04-m00da3eebfae756f3f6b8991fa5645510458cbe56
"['Testnet', 'Testing']","['Difficulty Reset Process', 'Off-Chain Protocols', 'Block Generation Rate']",mailing-list-2024-04-m9d8a36e2a6b20e44bbdbf8966375e014d56f3901
"['Testnet', 'Testing', 'Bitcoin Core', 'Blockchain', 'Signet']",['Developers'],mailing-list-2024-04-m3a1a9ad43571daa9b5a3c10721654d453599c2ed
"['JSON-RPC', 'Security', 'Bitcoin Core']","['GitHub', 'Codebase']",combined_Security-implications-of-using-pseudorandom-JSON-RPC-IDs
"['Soft Fork', 'Segwit', 'Consensus', 'Taproot', 'Forks', 'Testing', 'Mining', 'Testnet']",['Reset Layer'],mailing-list-2024-04-m7e805d103e530190abbd685004072151d90d6102
"['Forks', 'Script', 'Timelocks', 'Security', 'Mining', 'Validation', 'Consensus', 'Cryptography']",[],mailing-list-2024-04-m899f353900c00b83f70fec586bd7e9638438233f
"['Security', 'JSON-RPC', 'Encryption', 'Bitcoin Core']","['Responsible Disclosure Guidelines', 'Endpoint Security', 'Memory Corruption']",mailing-list-2024-04-maf741087cb875d0c25c2d417ad604d5a3ac39e73
"['Hashpower', 'Mining', 'ASIC', 'Proof-of-Work', 'Consensus']",[],mailing-list-2024-04-mf807e5b9f756716a6fc9fcf23425ddf820b51703
"['Testing', 'UTXO']",[],mailing-list-2024-04-mb5a5d777a500615b76e749dca81b49b5eeee7350
"['Segregated Witness', 'Fees', 'Hard Fork', 'Testnet', 'Mining', 'Halving', 'Testing', 'Signet', 'Consensus']","['Proof of Work', 'Difficulty Reset Bug', 'Mainnet', 'Block Reward']",mailing-list-2024-04-m8ee81b2deb4f40abe05d8e6fed580e4964492d08
"['Security', 'Research', 'Package Relay', 'Development', 'Bitcoin Core', 'Testing', 'Wallet', 'Libbitcoin Kernel']",['Versioning'],mailing-list-2024-04-m973e8ba434af033849a2027a38dba5e1d2d9e1f4
"['Research', 'BIP', 'Consensus']",[],mailing-list-2024-04-ma566e1f34b51c2d6d18df1fab45f391a3cffc2a1
"['Security', 'Development', 'P2P', 'Bitcoin Core', 'Testing', 'Network', 'Wallet']","['Translations', 'RPC']",combined_Bitcoin-Core-26-1-released
"['Mempool', 'Miners']","['Decentralized', 'Replace-by-Fee (RBF)', 'Wallet Developers', 'Network Congestion', 'Community Feedback', 'Transaction Handling', 'Bitcoin Improvement Proposal (BIP)', 'Economic Efficiency', 'Node Operators', 'Dynamic Fee Adjustments', 'User Autonomy']",mailing-list-2024-04-m3202bbb0860c848ab379c7d664843092c7fe1e3a
"['Bitcoin Core', 'Forks', 'Mining', 'Fees']","['Lightning Network', 'Pull Request', 'GitHub']",mailing-list-2024-04-mc44bd5af35a2ec9c5366810cf1ce60d6a57da0bb
"['Lightning', 'Segregated Witness', 'Bitcoin Core', 'Consensus', 'Replace-by-Fee', 'Decentralization', 'Transactions', 'Mempool', 'Mining', 'Fees']","['User-Defined Transaction Flags Policy', 'Bitcoin Improvement Proposal (BIP)', 'Network Efficiency']",combined_Draft-BIP-for-User-Defined-Transaction-Flags-Policy-Strategy
['BIP'],"['Editors', 'Bitcoin Improvement Proposal']",mailing-list-2024-04-m42533f59bfb2d6400dd3bd05f6084fbb74840ff9
"['Consensus', 'Security', 'Transactions', 'Privacy', 'Fees']",[],mailing-list-2024-04-m5c0427120954fa532bda80167750e7d4cfe2dd5f
"['Consensus', 'Security', 'P2P', 'Package Relay', 'Fees', 'Mining']",[],mailing-list-2024-04-me5442b94df09acdf7dff0a3d8e7bad6febcfd036
"['Consensus', 'Testing', 'Soft Fork', 'Regtest', 'Halving', 'Testnet']",[],mailing-list-2024-04-me9d7c5088b28ab78371d054e4455673fc4021d84
"['BIP', 'Consensus']",[],mailing-list-2024-04-m0d9f9ce7fec3957a9ed6b9abe424c89b4b16f328
['BIP'],"['Reviewers', 'Committees']",mailing-list-2024-04-m4e78705f0c760c508e1d5b3c956d1ccaeeebe85a
"['Consensus', 'BIP', 'Research', 'Bitcoin Core']","['Selection Process', 'Bitcoin Improvement Proposal', 'Community']",mailing-list-2024-04-m95c4fc09a764eb0792b8c4c251180f7173407f6a
"['BIP', 'Bitcoin Core']","['Reference Implementation', 'Pull Request']",mailing-list-2024-04-m7df04fa44d9651299fd7d277980900f8f7ebb07c
"['Consensus', 'Testnet', 'Soft Fork', 'BIP', 'Mining', 'Blockchain', 'Bitcoin Core']","['Activation', 'GitHub', 'Pull Request']",mailing-list-2024-04-m1388d83dfbf425ac9e6bf5701ebd1e1bc593d615
"['Consensus', 'Mining', 'Mempool', 'Lightning', 'Security']",['Transaction Fees'],mailing-list-2024-04-m0db2c57638c0fea9614b720368a36aae5b6be9ab
"['Bitcoin Core', 'Package Relay']","['GitHub', 'Source Code', 'Peter Todd', 'Libre Relay']",mailing-list-2024-04-mf00c713c57794924b4a0db115b7298437aac6b13
"['Mempool', 'Bitcoin Core', 'Network', 'C++', 'Fees', 'UTXO', 'Build Systems', 'Linux', 'Transactions', 'Wallet', 'Mining', 'Security', 'API', 'Libbitcoin Kernel', 'Windows', 'Consensus']","['Contributors', 'Blocks', 'macOS', 'Compatibility']",mailing-list-2024-04-m825b20f6c31aa97bdc6128dc9883f656c0d56fa2
['BIP'],['Editors'],mailing-list-2024-04-m8cc4f7819fcc74f839f7d2ab9faeb4326bf655a4
"['Consensus', 'Mining', 'Scalability', 'Fees', 'Blocksize']","['Protocol Upgrade', 'Centralization', 'Rewards']",mailing-list-2024-04-mfcbb74e279e5c0ef8cb93185b8fd1cdc20b375ab
"['Timelocks', 'Miners', 'Validation', 'Hashlocks', 'Consensus', 'Security', 'Mining', 'Incentives', 'Fees']",[],mailing-list-2024-04-m43d5fb8d82ec46db4248aa08a5ae77fb765a8423
"['BIP', 'Development']","['Bitcoin Improvement Proposal', 'Editors']",mailing-list-2024-04-m6f523cf4badcb1e2624e7a2e57d073d7c5a6a091
['BIP'],"['Bitcoin Improvement Proposal', 'Bitcoin Development', 'Community Consensus']",mailing-list-2024-04-m654f52c426bd5696d88668b3bff25197846e14af
"['BIP', 'Consensus', 'Bitcoin Core', 'Development', 'Research']",[],mailing-list-2024-04-m75a1b876471ab12e18b480ce1a7638a26dd7f127
"['Consensus', 'Bitcoin Core', 'Research']",['Governance'],mailing-list-2024-04-mf6bac461b3f4b40896f6752e2b639ada61a6a7e1
"['Consensus', 'Research']",[],mailing-list-2024-04-m5e09391c157a0855ad626756bc14848d7d7635ce
"['Consensus', 'Bitcoin Core']","['Documentation', 'Editors', 'Collaboration', 'BIPs', 'Professional Conduct']",mailing-list-2024-04-mbdf8379ffcff2c30c118ba3bf87b831ae71b58e7
[],"['Editors', 'BIPs']",mailing-list-2024-04-m968bf11c426a2ef47ec084b5e76d91105be2428a
"['Consensus', 'Bitcoin Core', 'Research']",[],mailing-list-2024-04-m7712f6e25c4231e3aee8472b155070550872d157
['BIP'],"['Communication', 'Bitcoin Improvement Proposal', 'Documentation', 'Community', 'Collaboration', 'Compensation', 'Decentralized Projects']",mailing-list-2024-04-m6bab892e1353ceb67717b54a329e8a3a78177c6f
"['Consensus', 'Bitcoin Core', 'Research']",[],mailing-list-2024-04-m03b6ac7d19d68f4045b82730f5c8455272fc6b3d
"['BIP', 'Consensus', 'Bitcoin Core', 'Soft Fork', 'Forks']","['Governance', 'Repository']",mailing-list-2024-04-mf20fa2bca71509e0bb5ed8230d1c5aabbf093f6c
"['PSBT', 'Splicing', 'Altcoin', 'Hard Fork', 'Smart Contracts', 'Assumeutxo', 'Package Relay', 'Multisig', 'Accumulators', 'Script', 'Fungibility', 'Ux', 'Onion', 'Routing Failures', 'Research', 'Multiple-Path Payments', 'Mempool', 'Lightning', 'Fees', 'Taproot', 'Attacks', 'Threshold Signatures', 'Consensus', 'IBD', 'Routing', 'FROST', 'Eclair', 'Regulation', 'Mining', 'Limitations', 'Forks', 'Eltoo', 'Miniscript', 'Pools', 'Cryptography', 'Fuzzing', 'P2P', 'RGB', 'Sphinx', 'Security', 'Soft Fork', 'Musig', 'Privacy', 'Asmap', 'Testing', 'Scalability', 'Lnd', 'Academia', 'Submarine Swaps', 'Segwit', 'Libsecp256k1', 'Stratum-V2', 'Covenants', 'Libbitcoin Kernel', 'C-Lightning', 'Wallet', 'Signet', 'Hardware Wallet', 'Sidechains', 'Update Layer', 'Bitcoin Core', 'Schnorr', 'Silent Payments', 'Layer 2', 'Path-Finding', 'P2pool']",['Zero'],mailing-list-2024-04-mffcd56c9087889eb5ad6f2459ea26ee1afe04c0d
['Bitcoin Core'],"['Repository Management', 'Maintainers', 'BIPs', 'Bitcoin Improvement Proposals']",mailing-list-2024-04-m2528054aa6211da52baae6df0c824fa837c698fc
"['Soft Fork', 'Bitcoin Core', 'Taproot', 'Consensus']","['Contentious Updates', 'Collaborative Approach', 'Transparent Approach', 'Governance', 'Community Expectations', 'Accountability', 'Activation Parameters', 'Decision-Making Processes', 'Bitcoin Improvement Proposal (BIP)']",mailing-list-2024-04-m746f5264d8e3c039b7b31082fa6f7df07aafba48
"['Soft Fork', 'BIP', 'Hard Fork']","['Documentation', 'Transparency']",mailing-list-2024-04-mf764ae0a5d451608056a196018f6b7436782ead7
"['Soft Fork', 'Bitcoin Core']","['Decentralized Systems', 'Bitcoin Improvement Proposal', 'Misinformation', 'Governance Roles']",mailing-list-2024-04-m0b09a0fbc2ec2812a510b78387ea0413091b4382
[],"['Technical Specifications', 'Criteria', 'Implementation', 'Standards', 'BIPs', 'Editing', 'Modifications', 'Enforcement', 'Discourse', 'Debate', 'Activation']",mailing-list-2024-04-mec333ce82650bda9ace5169254a1e58d4fe34f9f
['BIP'],"['refinement', 'Bitcoin Improvement Proposal', 'editor', 'criteria', 'debate', 'process', 'discussion', 'decision-making', 'amendments', 'guidelines']",mailing-list-2024-04-mfa7128da243d9baff716307258f8bf5535906f92
['BIP'],"['Bitcoin Improvement Proposal', 'Community Feedback', 'Bitcoin Development Community', 'Process Enhancement']",mailing-list-2024-04-m1d8c844c98b05dc09653bab0299317237a7d8c8f
['BIP'],"['Bitcoin Improvement Proposal', 'Technical Infrastructure', 'Technical Standards', 'Bitcoin Technology', 'Community Engagement']",mailing-list-2024-04-m2308f0ae1e75a7b051fdb620e2010ab005c32293
['BIP'],"['Communication', 'Responsibilities', 'Collaborative Project', 'Feedback']",mailing-list-2024-04-m536f2919337f7932d281bb0aa168fe4aec94ec60
['BIP'],['Bitcoin Improvement Proposal'],mailing-list-2024-04-m84dba4488403d286abea11f5fef3cac1290289af
"['Blockchain', 'Testing', 'Wallet', 'Transactions', 'Nodes']","['Mockups', 'Developer', 'RPC']",mailing-list-2024-04-m4c13d9046069ea1dc92d140b98ec576c2e95bf90
['BIP'],"['Blockstream', 'Technical Framework', 'Signature Schemes', 'Bitcoin Improvement Proposal']",mailing-list-2024-04-m75feae977c0f986b6fe7c601e6142b8dca723e9d
['BIP'],['Bitcoin Improvement Proposal'],mailing-list-2024-04-mf6b7253d401c67924cab94f02339396beaf151db
"['Development', 'Consensus', 'BIP']","['Modification Evaluation', 'Pull Requests', 'Backlog Management', 'GitHub', 'Community Participation', 'Discussion Facilitation', 'Editors']",mailing-list-2024-04-m08d16554a8bfa6b0656d4183a750b39c538ae6cb
"['Research', 'Testing', 'Bitcoin Core', 'Development', 'Consensus']",[],mailing-list-2024-04-mac87a631ed9b68c4ebab5926f560d0ee580d0269
['BIP'],"['GitHub', 'Technical Evolution', 'Bitcoin', 'Reference Implementation', 'Pull Request']",combined_Updated-BIP-for-OP-CAT
"['Schnorr', 'Soft Fork', 'BIP', 'Taproot', 'Segwit', 'Script', 'Multisig']",['Lightning Network'],mailing-list-2024-04-m4d3d102ece8e6e86938d8482193f132f2e345a9c
"['Soft Fork', 'Consensus', 'Research']",[],mailing-list-2024-04-mfd0d3cd1c351cf61e87288f3e752562f89a84132
"['Soft Fork', 'BIP', 'Taproot', 'Script', 'Bitcoin Core', 'Segwit']","['GitHub', 'Compatibility', 'Opcode', 'OP_INTERNALKEY', 'Bitcoin Improvement Proposal']",mailing-list-2024-04-mf44f253412a52df3b9b7a7f032222c8c2a44ad84
"['Blockchain', 'Soft Fork', 'BIP', 'Consensus', 'Merkle Trees', 'Segregated Witness', 'Scalability']",['Block Size Increase'],mailing-list-2024-04-mf2f7c24c6a8f15fbcca35c0f5ccf97824b8799f5
['BIP'],"['Ethics', 'Contributions', 'Open Source', 'Governance']",mailing-list-2024-04-mb5f42888ad48243a362dbc931aeb4b8e948d3966
['Security'],"['Innovation', 'Signatures', 'Public Key', 'Bitcoin Improvement Proposal']",mailing-list-2024-04-m43fca48819aee6078a79a2d2759072daf39a0b4d
"['Script', 'Taproot', 'Segregated Witness']","['OP_CHECKSIG', 'OP_PUBKEY']",mailing-list-2024-04-mde5c7810020870f8fdda551c5cb786e0131065ad
"['Script', 'BIP', 'Taproot', 'Validation']",['Opcode'],mailing-list-2024-04-m8eef71c65304f1ab7c7d590be8a855ac1d4e2f23
"['Script', 'Soft Fork', 'BIP', 'Taproot', 'Bitcoin Core']","['Script Path Spending', 'Bitcoin Development Community', 'Deployment', 'GitHub', 'Transaction Agreements', 'Reference Implementation', 'Opcode', 'Transaction Efficiency', 'Backward Compatibility', 'Transaction Scripting', 'Bitcoin Protocol']",combined_BIP-for-OP-INTERNALKEY
"['Segwit', 'Smart Contracts', 'Lightning', 'Security', 'Script', 'BIP', 'Taproot', 'Consensus', 'Schnorr', 'Cryptography']",[],combined_BIP-for-OP-CHECKSIGFROMSTACK
"['script', 'block', 'validation', 'security', 'P2P', 'relay', 'transactions', 'wallet', 'bitcoin-core-development', 'Bitcoin Core', 'blockchain', 'miners', 'Segregated Witness', 'BIP']",[],mailing-list-2024-04-m89633289d8e49d733dd5d616ecc57e720ded50a0
"['Value', 'Development', 'Consensus', 'Testing', 'Blockchain']",['Reset'],mailing-list-2024-04-m9bb4d681345d943729c4c1b775f03196399c9645
"['Attacks', 'ECDSA', 'Academia', 'Security', 'Cryptography']","['Bitcoin Scripting Language', 'Signatures', 'Cryptographic Schemes', 'Innovative Approaches']",mailing-list-2024-04-mb7511d27ee5a8e00005dd4a71830839d97004ecf
"['Scalability', 'Fees', 'Consensus', 'Mining', 'Halving']",['Rewards'],mailing-list-2024-04-mf9e0850c096bcb442beac4bd110824f5cb968afc
"['Security', 'Cryptography']","['Signatures', 'Quantum Computing', 'Cryptographic Security']",mailing-list-2024-04-m087e273dd3b3db05a2a7016636b6f61f91a3c433
"['Soft Fork', 'Cryptography', 'Bitcoin Core', 'Consensus', 'Taproot', 'Research', 'Segregated Witness']",['Quantum'],mailing-list-2024-04-m18aba50dfca9d0e096f3f1446893aa06ad5fe8a8
"['Cryptography', 'Development', 'Blockchain', 'Privacy', 'Bitcoin Core', 'Consensus', 'Limitations', 'Research', 'Script', 'Forks']",[],mailing-list-2024-04-mf0a2fc2a5059fca5b68d7b9eaad6bdd8afa3649f
"['Security', 'Cryptography']",['Signatures'],mailing-list-2024-04-m1aed003971fcff909120c5761459328d827d6a9e
"['Development', 'Blockchain', 'Raw-Transaction', 'Testing', 'Private-Key', 'Libsecp256k1']",['BIP143'],mailing-list-2024-04-m61d685ebd5dda64a646866189468f90437209f50
"['Security', 'Bitcoin Core', 'Consensus']",[],mailing-list-2024-04-m56d78e299a56adcf27619d850f5bed2d88520660
"['libsecp256k1', 'Consensus', 'Segwit']","['Raw Transaction', 'Core', 'Private Key', 'BIP143', 'OpenSSL']",combined_Test-cases-for-signing-legacy-inputs-in-transactions
"['Security', 'Cryptography', 'Bitcoin Core', 'Consensus', 'Taproot', 'Research', 'Segregated Witness']",['Quantum Resistant'],combined_Signing-a-Bitcoin-Transaction-with-Lamport-Signatures-no-changes-needed-
"['Fungibility', 'Hashpower', 'Forks', 'Hashlocks', 'Mining', 'Segregated Witness', 'Consensus', 'Privacy', 'Covenants', 'Proof-of-Work', 'ECDSA', 'Cryptography', 'Validation', 'Schnorr', 'Miners', 'Security']",[],mailing-list-2024-05-m2366b783e1a2fe3962a453cfe71e83948c76b067
"['Mining', 'Consensus', 'Proof-of-Work', 'Scalability', 'Soft Fork', 'UTXO', 'Hard Fork']","['Protocol Upgrades', 'Legacy Systems', 'Network Visibility']",mailing-list-2024-04-m47eb6807fdb8e0222de8e4f53c30a30bb220ec6c
"['Security', 'ECDSA', 'Mining', 'Signature']","['Transaction Fees', 'Collision Resistance', 'CPFP', 'Bitcoin Blocks']",mailing-list-2024-05-m4598d2909fd95ee0eaf5249d3c527534a97f4ec7
